series_name,imdb_id
Seinfeld,tt0098904
Silicon Valley,tt2575988
Friends,tt0108778
Game of Thrones,tt0944947
The Walking Dead,tt1520211
Sherlock,tt1475582
How I Met Your Mother,tt0460649
Lost,tt0411008
House of Cards,tt1856010
Prison Break,tt0455275
Arrow,tt2193021
House,tt0412142
Supernatural,tt0460681
Westworld,tt0475784
Suits,tt1632701
Modern Family,tt1442437
The Office,tt0386676
Breaking Bad,tt0903747
Two and a Half Men,tt0369179
The Sopranos,tt0141842
The Wire,tt0306414
Scrubs,tt0285403
Peaky Blinders,tt2442560
Mad Men,tt0804503
Shameless,tt1586680
24,tt0285331
Entourage,tt0387199
That '70s Show,tt0165598
Gossip Girl,tt0397442
Brooklyn Nine-Nine,tt2467372
La casa de papel,tt6468322
Malcolm in the Middle,tt0212671
Revenge,tt1837642
Desperate Housewives,tt0410975
NCIS,tt0364845
The Fresh Prince of Bel-Air,tt0098800
30 Rock,tt0496424
Monk,tt0312172
The Night Manager,tt1399664
Monty Python's Flying Circus,tt0063929
Everybody Loves Raymond,tt0115167
Full House,tt0092359
Wayward Pines,tt2618986
Bron/Broen,tt1733785
Extras,tt0445114
Eastbound & Down,tt0866442
Will & Grace,tt0157246
M*A*S*H,tt0068098
Chappelle's Show,tt0353049
Nikita,tt1592154
Spaced,tt0187664
ER,tt0108757
Dragon Ball,tt0280249
Blue Mountain State,tt1344204
Schitt's Creek,tt3526078
Veep,tt1759761
Scorpion,tt3514324
Severance,tt11280740
Silo,tt14688458
Love Island UK,tt4770018
Succession,tt7660850
Fleabag,tt5687612
Curb Your Enthusiasm,tt0264235
Atlanta,tt4288182
Arrested Development,tt0367279
Girls,tt1723816
Friday Night Lights,tt0758745
Six Feet Under,tt0248654
The Office (UK),tt0290978
The Americans,tt2149175
I May Destroy You,tt11204260
Chernobyl,tt7366338
The Crown,tt4786824
The White Lotus,tt13406094
The Comeback,tt0434672
Deadwood,tt0348914
The Leftovers,tt2699128
Black Mirror,tt2085059
Better Call Saul,tt3032476
Band of Brothers,tt0185906
Key & Peele,tt1981558
Survivor,tt0239195
Andor,tt9253284
Enlightened,tt1509004
True Detective,tt2356777
The Pitt,tt31938062
Battlestar Galactica,tt0407362
Homeland,tt1796960
Watchmen,tt7049682
Adolescence,tt31806037
Louie,tt1492966
Hacks,tt11815682
BoJack Horseman,tt3398228
Happy Valley,tt3428912
Broad City,tt2578560
Twin Peaks: The Return,tt4093826
Normal People,tt9059760
Parks and Recreation,tt1266020
The Good Place,tt4955642
Downton Abbey,tt1606375
Stranger Things,tt4574334
The Bureau,tt4063800
Insecure,tt5024912
Nathan for You,tt2297757
I Think You Should Leave,tt10050772
PEN15,tt8324422
Peep Show,tt0387764
RuPaul's Drag Race,tt1353056
Slow Horses,tt5875444
The Thick of It,tt0459159
Anthony Bourdain: Parts Unknown,tt2845786
Mare of Easttown,tt10155688
The Rehearsal,tt10802170
The Handmaid's Tale,tt5834204
Ozark,tt5071412
Anthony Bourdain: No Reservations,tt0475900
The Shield,tt0286486
Beef,tt14403178
Squid Game,tt10919420
Barry,tt5348176
The Bear,tt14452776
Ted Lasso,tt10986410
Somebody Somewhere,tt12759100
It's Always Sunny in Philadelphia,tt0472954
The Good Wife,tt1442462
How To With John Wilson,tt10801534
The Queen's Gambit,tt10048342
Better Things,tt4370596
Justified,tt1489428
Planet Earth,tt0795176
The Great British Baking Show,tt1877368
Shogun,tt2788316
Reservation Dogs,tt13623580
Dexter,tt0773262
Baby Reindeer,tt13649112
Catastrophe,tt4374208
The Night Of,tt2401256
Station Eleven,tt10574236
The Diplomat,tt17491088
Halt and Catch Fire,tt2543312
Community,tt1439629
The OA,tt4635282
Gilmore Girls,tt0238784
Scandal,tt1837576
